Name,Created,Link,Tags,Takeaway,URL
7 Great Modern Fantasy Artists. A list of some of the best modern… | by Kyril “MrNiceGuy” Kotashev | Ad Fantastika | Medium,"September 24, 2021 3:30 PM",,,,
Tour of the Sacred Library – Ryan Moulton's Articles,"September 24, 2021 3:30 PM",,,,
My favorite nonexistent painter,"September 24, 2021 3:29 PM",,,,
Tolkien: Forest & City,"September 25, 2021 4:12 PM",,,,https://scholar.valpo.edu/cgi/viewcontent.cgi?referer=https://www.google.com/&httpsredir=1&article=1011&context=journaloftolkienresearch
Tolkien's myths are political fantasy,"September 25, 2021 4:13 PM",,,,https://www.theguardian.com/books/booksblog/2014/dec/12/tolkiens-myths-are-a-political-fantasy
Sandbox prep,"September 25, 2021 4:14 PM",,,,https://twitter.com/EricVulgaris/status/1102935540003823616
13th Sage: How to Create Meaningful Icons For a Setting,"September 25, 2021 3:32 PM",http://site.pelgranepress.com/index.php/13th-sage-how-to-create-meaningful-icons-for-a-setting/,,"13th Sage: How to Create Meaningful Icons For a Setting Greyhawk. Golarion. Eberron. Mystara. The names of these settings ring out in the history of roleplaying games. It's no surprise that many fans want to run campaigns in them, or others that are equally beloved.",
13th Age - When Icons Interfere,"September 25, 2021 3:33 PM",http://site.pelgranepress.com/index.php/13th-age-when-icons-interfere/,,"13th Age - When Icons Interfere Rob Heinsoo mentioned in an interview that, should an Icon relationship roll fail in , he's introduced an optional rule where another Icon somehow interferes with the roll by using a d12.",
What I Learned About 13th Age by Playing With Rob Heinsoo,"September 25, 2021 3:34 PM",http://site.pelgranepress.com/index.php/what-i-learned-about-13th-age-by-playing-with-rob-heinsoo/,,"What I Learned About 13th Age by Playing With Rob Heinsoo Although I've been helping publicize almost since the first playtest was announced, it wasn't until PAX that I got to experience the game as a player rather than a GM.",
Gender-flipped Icons in 13th Age,"September 25, 2021 4:09 PM",https://site.pelgranepress.com/index.php/gender-flipped-icons-in-13th-age/,"13a, Icons","Gender-flipped Icons in 13th Age by ASH LAW When I first heard the idea of gender-flipped icons I really liked the concept, so when I got the chance to turn the idea into words I was surprised at how hard it actually is.",
13th Age Pregens and Resources | Burn After Running: RPG One-Shots,"October 1, 2021 9:10 AM",,13a,,https://burnafterrunningrpg.com/2018/07/30/13th-age-pregens-and-resources/
13th Age in Greyhawk.pdf - Google Drive,"October 1, 2021 9:10 AM",,13a,,https://drive.google.com/file/d/10fDvXWQDSA3U22XOe-YTpe01Md0OD88f/view
Images of Unremitting Horrors | Pelgrane Press Ltd,"October 1, 2021 3:54 PM",,,,https://site.pelgranepress.com/index.php/images-of-unremitting-horrors/#comments
Kingdoms & Warfare PDF | MCDM Productions,"October 1, 2021 3:56 PM",,MCDM,,https://shop.mcdmproductions.com/collections/featured/products/kingdoms-warfare-pdf
dragon gems,"December 10, 2021 4:45 PM",,AI,,https://app.wombo.art/card/6c0ca31f-4f7b-4da4-902b-bedf7d610a18
dragon gems 2,"December 10, 2021 4:46 PM",,AI,,
devil Lord,"December 10, 2021 4:50 PM",,AI,,
Floating Plateau,"December 10, 2021 4:53 PM",,AI,,
Floating Plateau,"December 10, 2021 4:53 PM",,AI,,
dragon gems 3,"December 10, 2021 8:11 PM",,AI,,
Sikara AI image 2,"December 10, 2021 8:14 PM",,AI,,
Sikara AI image,"December 10, 2021 8:16 PM",,AI,,
murk ship,"December 10, 2021 8:17 PM",,AI,,
Fulgurite Tower,"December 10, 2021 8:19 PM",,AI,,
heroes defend Cabot from the assassin,"December 10, 2021 8:22 PM",,,,
Zelda: Breath of the Wild cooking guide: 10 recipes worth remembering - Polygon,"March 20, 2022 6:43 AM",,,,https://www.polygon.com/zelda-breath-of-the-wild-guide-walkthrough/2017/3/28/15090626/cooking-recipes-best-health-stamina-elixir-electro
Dungeon Delve Classics,"March 29, 2022 4:04 PM",,,,
Trilemma Adventures: Some Thoughts on Intrigue,"April 29, 2022 6:18 PM",,,,http://blog.trilemma.com/2021/12/some-thoughts-on-intrigue.html?m=1
Zelda: Breath of the Wild’s early game is easy to grind for great loot - Polygon,"April 29, 2022 6:25 PM",,,,https://www.polygon.com/2017/3/9/14869520/zelda-breath-of-the-wild-rupees-gear-guide
HEXROLL: roll a sandbox,"August 1, 2022 6:50 AM",,,,https://pendicepaper.com/hexroll/generator/
Hex Power Flower | Goblin's Henchman,"August 1, 2022 6:51 AM",,,,https://goblinshenchman.wordpress.com/hex-power-flower/
The Plain People of Gaming: Resource Saves – Pelgrane Press Ltd,"August 31, 2022 7:25 PM",,,,https://pelgranepress.com/2020/10/21/the-plain-people-of-gaming-resource-saves/
"Debts, Bonds, and Obligations: Age of Ravens - THE GAUNTLET","September 4, 2022 5:50 AM",,,,https://www.gauntlet-rpg.com/blog/debts-bonds-and-obligations-age-of-ravens?utm_source=substack&utm_medium=email
Western Wilds Setting Poll - Google Forms,"September 4, 2022 5:53 AM",,,,https://docs.google.com/forms/d/1oEQBlNoQ8Ub8YIjwBOZw0ts72A_01-58SgqHp124yNc/edit#responses
Houses of the Sun by Night by Emily Zhu 朱寶敬,"September 4, 2022 5:55 AM",,,,https://emilyzhu.itch.io/houses-of-the-sun-by-night?utm_source=substack&utm_medium=email
Inkarnate - Create Fantasy Maps Online,"September 4, 2022 6:04 AM",,,,https://inkarnate.com/
Dungeondraft,"September 4, 2022 6:04 AM",,,,https://dungeondraft.net/#Purchase
Regicide – The Dao of Board Gaming,"September 5, 2022 6:55 PM",,,,https://daoofboardgaming.home.blog/2021/07/31/regicide/
A Few of My Favorite (Trindie) Things - The Indie Game Reading Club,"September 6, 2022 5:05 AM",,,,https://www.indiegamereadingclub.com/indie-game-reading-club/a-few-of-my-favorite-trindie-things/
Tales of Xadia and the Limits of Canon - The Indie Game Reading Club,"September 6, 2022 5:25 AM",,"Dune, trindie","Premise not setting, premise implies setting, class and kin implies relationships with other characters and NPCs",https://www.indiegamereadingclub.com/indie-game-reading-club/tales-of-xadia-and-the-limits-of-canon/
6. The Crew — Wax Wings,"March 11, 2024 6:45 AM",,,,https://waxwings.com.au/the-daily-blade/six