Name,Link,Type
13 Vaults,https://www.13vaults.com/en/,"13th Age, online tool"
Sizes,https://i.pinimg.com/564x/26/10/5b/26105b13f535bfd54361e0161910a391.jpg,Other
Scenario hooks,,
"Mythic GM Emulator: Fate Chart (Mythic%20GM%20Emulator%20Fate%20Chart%20f831ea9b88624654bc523e49fd91be26.csv) ",,Random Table
Cave Generator,https://watabou.itch.io/cave-generator,Random Table
5e DMG Tables,https://watabou.itch.io/cave-generator,Random Table
5e Dungeon Master’s Guide,https://www.academia.edu/42835423/Dungeon_Masters_Guide,Book
Sly Flourish Game Notes,https://www.notion.so/Sly-Flourish-D-D-and-RPG-Campaign-Notion-Notebooks-d55e30c357b2422ab26290a563d8769c,Examples
maximum fun,https://twitter.com/aaronmfking/status/1578510135189987328?s=20&t=mqq6dRIP7Fu-tpgMpTIf_Q,Advice
Master 13th Age Resource Guide,https://docs.google.com/spreadsheets/d/1gUxDikzhnbwfz-0MAGamWuF-VnRlEfGAzmbz8kCawvo/edit#gid=745974710,13th Age
13 Ideas,https://pelgranepress.com/2022/04/19/13th-age-ideas-that-arent-worth-a-full-page-xx-article/,13th Age
Ironswoorn Oracles,https://chartopia.d12dev.com/en/collection/50/,Random Table
Freebooter 2e tables,https://www.notion.so/clarkkristofor/Freebooters-2e-tables-484d5b7956d2425d88bccf68298d19df,Random Table
Random Dungeon/Rooms/Items,,Random Table
Improvising Dialogue,,Random Table
13th Age Adventure,https://perchance.org/13adventure,Random Table
"Ironsworn Oracles, Perchance",https://perchance.org/ironsworacles,Random Table
"Drugs, Spire p 104",,Book
Lazy GM tables,https://slyflourish.com/random_generators/sf-random-generator.html,Random Table
Wade Rockett,https://discord.com/channels/692113540210753568/692114158589837313/1061171379560513566,Advice
"D&D Token Collection for Roll20, Fantasy Grounds, e.t.c. : DnD",https://www.reddit.com/r/DnD/comments/p5jwdc/dd_token_collection_for_roll20_fantasy_grounds_etc/,
Art of Riccardo Pagni | Facebook,https://www.facebook.com/profile.php?id=100063892203528,
How RPG Settings Make You a Better GM - Obscurity Studio,https://obscuritystudio.com/blog/how-rpg-settings-are-designed-to-make-you-a-better-gm/,
The Plain People of Gaming: Resource Saves – Pelgrane Press Ltd,https://pelgranepress.com/2020/10/21/the-plain-people-of-gaming-resource-saves/,
The Kingdom of the Dwarfs | IDW,https://www.idwpublishing.com/product/the-kingdom-of-the-dwarfs/,
The 7-3-1 Technique - THE GAUNTLET,https://www.gauntlet-rpg.com/blog/the-7-3-1-technique,
Session Zero: Background Prompts | Keith Baker's Blog,https://keith-baker.com/sz-prompts/,
The Starting Adventure Primer - itch.io,https://itch.io/blog/486815/the-starting-adventure-primer,
Rolltop Indigo: The Big List of RPG Plots,https://rolltop-indigo.blogspot.com/2018/10/the-big-list-of-rpg-plots.html?m=1,
high trust trad adventures,https://indreaugeblog.files.wordpress.com/2023/01/83678919ea0431b1.png,
high trust on right,https://indreaugeblog.files.wordpress.com/2023/01/image.png,
Tools for Dungeons & Dragons. I’m watching more and more new gamers… | by Judd Karlman | Medium,https://medium.com/@judd.karlman/tools-for-dungeons-dragons-90ddeaab0c32,
Eberron and 13th Age | Keith Baker's Blog,https://keith-baker.com/eberron-and-13th-age/,
D&D 5e: Dialogue Procedure & NPC Traits,https://traversefantasy.blogspot.com/2023/02/d-5es-dialogue-procedure-npc-traits.html?m=1,
Pacing your RPG – The TTRPG Factory,https://ttrpgfactory.com/2023/03/15/pacing-your-rpg/,
[Masks] A Guide to Condition Moves - Guilt : r/PBtA,https://www.reddit.com/r/PBtA/comments/rqlt6q/masks_a_guide_to_condition_moves_guilt/?utm_source=share&utm_medium=android_app&utm_name=androidcss&utm_term=1&utm_content=share_button,
TTRPG Art Asset Jam - itch.io,https://itch.io/jam/ttrpg-art-asset-jam,
13th Age Unique Thing Creation Guide - The Various Machinations of Brian McGillivray,https://www.brianmcgillivray.com/2014/01/13th-age-unique-thing-creation-guide/,
Eberron and 13th Age | Keith Baker's Blog,https://keith-baker.com/eberron-and-13th-age/,
A 5th Edition D&D Player’s Guide to 13th Age – Pelgrane Press Ltd,https://pelgranepress.com/2017/10/30/a-5th-edition-dd-players-guide-to-13th-age/,
Manticore,https://manticore.brehaut.net/,
"Death to Agency. Roleplaying games were not really… | by SENPAI NOTICE ME | Jan, 2023 | Medium",https://medium.com/@stevedee_5012/death-to-agency-9bcb79ca0f52,
tell me how to start,https://ttrpg.substack.com/p/134-tell-me-how-to-start-the-game?utm_source=substack&utm_medium=email,
TTRPGs Should Read Like Magazines,https://www.radiojamesgames.com/post/ttrpgs-should-read-like-magazines?utm_source=substack&utm_medium=email,
Power Centers - Google Sheets,https://docs.google.com/spreadsheets/d/1bmHLXGkcSTSyTc8UPBaSszbvrvYY_6_K7W_IcxA3iH4/edit#gid=0,
Fellowship GM advice,https://cdn.discordapp.com/attachments/1040131641319882812/1081297452285571172/image.png,
Faction Personalities Tool | Deeper in the Game,https://bankuei.wordpress.com/2023/03/31/faction-personalities-tool/?utm_source=substack&utm_medium=email,
Detect Magic: Pathcrawl,https://detectmagic.blogspot.com/2014/04/pathcrawl.html?m=1,
Cities in Cities - The Grisly Eye,https://grislyeye.com/blog/cities-in-cities.html,
Anti-Capitalist Resources | Raving Anthropology,https://hilaryagro.wordpress.com/resources/#people-to-learn-from,
13th Sage: 7 Ways to Communicate in the Dragon Empire – Pelgrane Press Ltd,https://pelgranepress.com/2020/06/30/13th-sage-7-ways-to-communicate-in-the-dragon-empire/,
Matt Colville on Session Zero,,
13th Age Monsters By Level | Patreon,https://www.patreon.com/posts/13th-age-by-67575597,
13th Sage: How to Create Meaningful Icons For a Setting – Pelgrane Press Ltd,https://pelgranepress.com/2014/04/21/13th-sage-how-to-create-meaningful-icons-for-a-setting/,
New 13th Age Races and Racial Abilities – Pelgrane Press Ltd,https://pelgranepress.com/2018/03/01/new-13th-age-races-and-racial-abilities/,
"art ",https://discord.com/channels/692113540210753568/692114158589837313/1096213043223998504,
How to be a cooperative player – Black Armada,https://blackarmada.com/how-to-be-a-cooperative-player/,
start campaign,https://dice.camp/@SubplotKudzu/110232853559611137,
What the Mastodon taught me: A collection of RPG links – Polyhedral Nonsense,https://polyhedralnonsense.com/2022/11/11/what-the-mastodon-taught-me-a-collection-of-rpg-links/,
"How to How to embed GitHub Gists in Notion (free, step-by-step)",https://www.simple.ink/integrations/github-in-notion,
How to embed any number of HTML widgets/snippets into Notion app for free · Shorouk's Blog,https://blog.shorouk.dev/2020/06/how-to-embed-any-number-of-html-widgets-snippets-into-notion-app-for-free/,
Pelgrane Press Commissions Community Icons Art,https://pelgranepress.com/2023/03/07/pelgrane-press-commissions-community-icons-art/,
(1) Madi Vandoren on Tumblr,https://www.tumblr.com/madivandoren,
There's a TTRPG for that!,https://theresattrpgforthat.tumblr.com/post/714859501060243456/theme-system-neutral-settings-fantasy-edition,
(4) The Elements of TTRPGs: A Starting Point - by Pam Punzalan,https://thedovetailor.substack.com/p/the-elements-of-ttrpgs-a-starting?sd=pf,
How to Do Custom Embeds on the Notion or Super page,https://super.so/faqs/how-to-do-custom-embeds-on-the-notion-or-super-page,
Medieval Inn and Tavern | Lost Kingdom RPG and Writing Resources,https://www.lostkingdom.net/medieval-inn-tavern/,
Cavegirl's Game Stuff: Another take on demihumans as social constructs.,https://cavegirlgames.blogspot.com/2023/05/another-take-on-demihumans-as-social.html,
Raise a Flag - The Indie Game Reading Club,https://www.indiegamereadingclub.com/indie-game-reading-club/raise-a-flag/?utm_source=substack&utm_medium=email,
The Alexandrian » Pacing for the Beginning GM,https://thealexandrian.net/wordpress/49547/roleplaying-games/pacing-for-the-beginning-gm,